Date and time: 2022-12-21 16:34:51.484112
Program settings and initial information: 
path_to_file_folder_fixed = C:/Users/dasha/plants/for_git/Morley/photos
paper_area = 6241mm2; paper_area_threshold = 5000pixels 
paper threshold position = photo width/x_pos_divider = img.shape[0]/11
contour_area_threshold = 1000 pixels 
template_filename = C:/Users/dasha/plants/for_git/Morley/photos/template/template.JPG
leaves parameters[0, 59, 0, 255, 100, 255]
roots parameters[50, 255, 0, 255, 100, 255]
seeds parameters[0, 20, 100, 255, 100, 255]
blur parameters[3, 1, 160]

test_type = Mann Whitney U-test

,4day,7day
4day,1.0,4.5385965495716695e-07
7day,4.5385965495716695e-07,1.0
