Date and time: 2022-12-21 10:53:59.730235
Program settings and initial information: 
path_to_file_folder_fixed = C:/Users/dasha/plants/for_git/Morley/photos
paper_area = 6241mm2; paper_area_threshold = 5000pixels 
paper threshold position = photo width/x_pos_divider = img.shape[0]/11
contour_area_threshold = 1000 pixels 
template_filename = C:/Users/dasha/plants/for_git/Morley/photos/template/template.JPG
leaves parameters[0, 59, 0, 255, 100, 255]
roots parameters[50, 255, 0, 255, 100, 255]
seeds parameters[0, 20, 100, 255, 100, 255]
blur parameters[3, 1, 160]

,4day,7day
0,0.6615384615384615,0.7815126050420168
