Date and time: 2022-12-15 15:58:43.738383
Program settings and initial information: 
path_to_file_folder_fixed = C:/Users/dasha/plants/for_git/Morley/photos
paper_area = 6241mm2; paper_area_threshold = 5000pixels 
paper threshold position = photo width/x_pos_divider = img.shape[0]/10
contour_area_threshold = 1000 pixels 
template_filename = C:/Users/dasha/plants/for_git/Morley/photos/template/template.JPG
leaves parameters[0, 59, 0, 255, 100, 255]
roots parameters[50, 255, 0, 255, 100, 255]
seeds parameters[0, 20, 100, 255, 100, 255]
blur parameters[3, 1, 160]

,roots_sum,roots_max,plant_area,leaves
4day,2.061431359834387e-06,1.2916436809007337e-08,1.4301549944306657e-09,5.3432030935191e-13
7day,0.018392903730273247,9.29132326632498e-09,2.5963993266486796e-07,3.892366748914355e-06
